,brand,value
0,& Other Stories,62.81132075471698
1,(+) PEOPLE,83.28301886792453
2,032c,0.0
3,10 Crosby by Derek Lam,0.0
4,1017 ALYX 9SM,0.0
5,11 by Boris Bidjan Saberi,0.0
6,12 storeez,6.830188679245283
7,16 Arlington,10.11320754716981
8,2728,1.0188679245283019
9,3 juin,0.07547169811320754
10,3.1 Phillip Lim,0.0
11,360 Cashmere,0.0
12,3x1,2.8679245283018866
13,424,79.37735849056604
14,45RPM,36.716981132075475
15,5 Progress,1.679245283018868
16,7 For All Mankind,20.60377358490566
17,711,19.0
18,8 by Yoox,0.0
19,A Bathing Ape,80.71698113207547
20,A Better Feeling,10.547169811320755
21,A DAY'S MARCH,5.377358490566038
22,A-Cold-Wall,0.0
23,A. Testoni,0.0
24,A.A Spectrum,0.0
25,A.L.C,0.07547169811320754
26,A.L.C.,0.03773584905660377
27,A.S.98,0.8113207547169812
28,A.W.A.K.E.,0.0
29,AAPE by a Bathing Ape,0.0
30,AERONAUTICA MILITARE,49.905660377358494
31,AGR,66.05660377358491
32,ALBANO,65.16981132075472
33,ALDO,76.01886792452831
34,ALICE + OLIVIA,64.94339622641509
35,ALVIERO MARTINI,0.7358490566037735
36,ALYSI,0.018867924528301886
37,AMBUSH,15.11320754716981
38,AMERICAN EAGLE,29.735849056603772
39,AMINA MUADDI,1.8679245283018868
40,ANDRÉ,67.26415094339623
41,ANGELO MARANI,0.018867924528301886
42,ANIYE BY,0.05660377358490566
43,ANNE KLEIN,30.30188679245283
44,ANTICA SARTORIA,0.20754716981132076
45,ANTONY MORATO,13.433962264150944
46,APC,68.60377358490567
47,APL Athletic Propulsion Labs,0.0
48,APOSTROPHE,11.037735849056604
49,AQUA,76.9245283018868
50,ARC'TERYX,50.716981132075475
51,ARROW,81.09433962264151
52,AT.P.CO,0.0
53,ATOS LOMBARDINI,0.0
54,ATP Atelier,52.64150943396226
55,AUBADE,51.81132075471698
56,AVANT TOI,6.283018867924528
57,Acne Studios,58.15094339622642
58,Acne Studios x Fjällräven,0.0
59,Add,83.0
60,Ader Error,0.0
61,Adidas,79.66037735849056
62,Adidas & Rick owens,0.0
63,Adidas Originals x Alexander Wang,0.0
64,Adidas X Ivy Park,0.32075471698113206
65,Adidas x A Bathing Ape,0.3018867924528302
66,Adidas x Craig Green,0.0
67,Adidas x Gosha Rubchinskiy,0.0
68,Adidas x Missoni,0.0
69,Adidas x Pharrell Williams,3.018867924528302
70,Adidas x Raf Simons,0.0
71,Adidas x Wales Bonner,0.0
72,Adieu,3.7169811320754715
73,Adolfo Dominguez,2.811320754716981
74,Adrianna Papell,78.0
75,Adriano Goldschmied,0.660377358490566
76,Adrienne Landau,1.0
77,Aethera,0.0
78,Aeyde,1.849056603773585
79,Ag Adriano Goldschmied,0.0
80,Agent Provocateur,8.867924528301886
81,Agl,2.5660377358490565
82,Agnona,0.0
83,Agnès B.,0.0
84,Agolde,4.849056603773585
85,Ahluwalia,4.69811320754717
86,Aidan Mattox,6.339622641509434
87,Aigle,72.24528301886792
88,Aigner,76.09433962264151
89,Aime Leon Dore,54.18867924528302
90,Aje,54.24528301886792
91,Akris,24.056603773584907
92,Akris Punto,0.0
93,Alain Mikli,1.9811320754716981
94,Alanui,2.8679245283018866
95,Alaïa,74.52830188679245
96,Alberta Ferretti,1.0377358490566038
97,Alberto Biani,0.09433962264150944
98,Alberto Fasciani,0.0
99,Alberto Guardiani,1.5849056603773586
100,Albino,86.52830188679245
101,Alcott,77.13207547169812
102,Alden,10.358490566037736
103,Alessandra Rich,38.660377358490564
104,Alessandro Dell'Acqua,0.018867924528301886
105,Alex Perry,17.20754716981132
106,Alexa Chung,3.943396226415094
107,Alexander Hotto,0.11320754716981132
108,Alexander McQueen,62.490566037735846
109,Alexander McQueen For P,0.0
110,Alexander Olch,0.0
111,Alexander Smith,5.018867924528302
112,Alexander Wang,59.84905660377358
113,Alexandre Birman,1.0
114,Alexandre Vauthier,0.0
115,Alexis,82.05660377358491
116,Alfani,0.9622641509433962
117,Alfred Dunhill,4.169811320754717
118,Alice & Olivia,0.0
119,Alice Mccall,23.339622641509433
120,All Saints,28.471698113207548
121,Allbirds,15.037735849056604
122,Allegri,1.9811320754716981
123,Allude,8.584905660377359
124,Alma en Pena,2.943396226415094
125,Alo,66.41509433962264
126,Alohas,1.9622641509433962
127,Alpha Industries,13.339622641509434
128,Alpha Studio,10.49056603773585
129,Alpina,84.37735849056604
130,Altan Bottier,0.0
131,Altea,48.679245283018865
132,Altuzarra,0.0
133,Alyx,55.113207547169814
134,Alémais,0.49056603773584906
135,Amanda Uprichard,0.8679245283018868
136,Amanda Wakeley,0.6415094339622641
137,Amen,53.41509433962264
138,American Retro,6.849056603773585
139,American Vintage,75.05660377358491
140,Ami,86.75471698113208
141,Amiri,72.18867924528301
142,Ancient Greek Sandals,0.0
143,Anderson's,51.490566037735846
144,Andersson Bell,2.150943396226415
145,Anemone,5.245283018867925
146,Angel Alarcon,1.0943396226415094
147,Anine Bing,3.3773584905660377
148,Anjuna,69.11320754716981
149,Ann Demeulemeester,65.81132075471699
150,Ann Taylor,79.9245283018868
151,Anna F,24.245283018867923
152,Anna Molinari,0.5094339622641509
153,Anna Sui,0.0
154,Annarita N,0.018867924528301886
155,Anne Fontaine,27.58490566037736
156,Anonyme,12.018867924528301
157,Anthology Paris,3.9056603773584904
158,Anthropologie,12.20754716981132
159,Anti Social Social Club,14.358490566037736
160,Antik Batik,68.90566037735849
161,Antonia Zander,0.0
162,Antonio Berardi,0.0
163,Antonio Marras,0.9433962264150944
164,Anya Hindmarch,0.41509433962264153
165,Apple,57.60377358490566
166,Apples of Gold,1.3018867924528301
167,Aquascutum,66.81132075471699
168,Aquatalia,0.03773584905660377
169,Aquazzura,63.58490566037736
170,Arche,75.84905660377359
171,Area,82.50943396226415
172,Arena,77.26415094339623
173,Arfango,0.0
174,Ariat,49.64150943396226
175,Aries,33.735849056603776
176,Aritzia,46.301886792452834
177,Arket,63.16981132075472
178,Armand Thiery,21.169811320754718
179,Armand Ventilo,0.0
180,Armani Collezioni,40.9811320754717
181,Armani Exchange,59.22641509433962
182,Armani Jeans,0.660377358490566
183,Army,72.71698113207547
184,Arnys,2.056603773584906
185,Arte,84.67924528301887
186,Artigli,13.433962264150944
187,Ash,29.150943396226417
188,Asics,78.67924528301887
189,Asics x kiko kostadinov,0.0
190,Aspesi,58.886792452830186
191,Aspinal Of London,0.7735849056603774
192,Astr the label,0.0
193,Athleta,54.75471698113208
194,Atlantic Stars,1.2830188679245282
195,Attic And Barn,0.0
196,Attico,1.849056603773585
197,Audemars Piguet,68.54716981132076
198,Augusta,39.60377358490566
199,Australian,19.849056603773583
200,Autry,68.86792452830188
201,Aviator Nation,38.490566037735846
202,Avirex,29.528301886792452
203,Avital & Co Jewelry,0.0
204,Axel Arigato,48.698113207547166
205,Azzaro,11.735849056603774
206,Aéryne,0.0
207,BACON,64.66037735849056
208,BAGUTTA,1.169811320754717
209,BARRETT,74.26415094339623
210,BATA,83.18867924528301
211,BATTISTONI,0.0
212,BCBGeneration,2.207547169811321
213,BEBE,70.0
214,BEN SHERMAN,10.132075471698114
215,BERNA,73.0754716981132
216,BETSEY JOHNSON,0.1320754716981132
217,BETTY BARCLAY,13.169811320754716
218,BEVERLY HILLS POLO CLUB,1.0188679245283019
219,BIBI LOU,24.41509433962264
220,BILLABONG,13.20754716981132
221,BLACK HALO,1.1320754716981132
222,BLANKNYC,7.490566037735849
223,BOCAGE,76.24528301886792
224,BOMBOOGIE,5.113207547169812
225,BORBONESE,4.3584905660377355
226,BRACCIALINI,11.150943396226415
227,BREIL,0.0
228,BRIAN DALES,0.8490566037735849
229,BRONX,60.113207547169814
230,BRUNO PREMI,0.0
231,BSB,8.81132075471698
232,BUFFALO,65.37735849056604
233,Ba&sh,85.98113207547169
234,Babaton,0.1320754716981132
235,Babylon,77.41509433962264
236,Badgley Mischka,30.962264150943398
237,Baldessarini,1.0
238,Baldinini,80.66037735849056
239,Baldwin,7.509433962264151
240,Balenciaga,78.79245283018868
241,Balenciaga X Adidas,0.0
242,Balibaris,1.2452830188679245
243,Ballantyne,8.452830188679245
244,Bally,12.716981132075471
245,Balmain,69.28301886792453
246,Balmain x Beyonce,0.0
247,Balzac Paris,2.4339622641509435
248,Banana Republic,22.943396226415093
249,Baobab,61.905660377358494
250,Baracuta,8.547169811320755
251,Barba,87.0377358490566
252,Barbara Bui,61.22641509433962
253,Barbour,49.62264150943396
254,Bardot,41.490566037735846
255,Barena,0.33962264150943394
256,Barena Venezia,0.8679245283018868
257,Bark,81.28301886792453
258,Barker,34.660377358490564
259,Barneys New York,0.0
260,Barrel,41.62264150943396
261,Barrie,76.47169811320755
262,Barrow,10.037735849056604
263,Barton Perreira,1.320754716981132
264,Basile,65.11320754716981
265,Basler,62.20754716981132
266,Baum Und Pferdgarten,14.226415094339623
267,Baume & Mercier,3.9245283018867925
268,Baume Et Mercier,0.0
269,Bazilika,11.69811320754717
270,Bcbg Max Azria,64.32075471698113
271,Beams,76.9622641509434
272,Beaufille,16.245283018867923
273,Bec & Bridge,0.7735849056603774
274,Beck Sonder Gaard,0.0
275,Bel Air,36.41509433962264
276,Bell & Ross,2.150943396226415
277,Bella Freud,34.15094339622642
278,Belle,55.24528301886792
279,Belle Sigerson Morrison,0.0
280,Bellerose,19.150943396226417
281,Belstaff,55.83018867924528
282,Bensimon,1.2641509433962264
283,Berenice,6.584905660377358
284,Beretta,34.716981132075475
285,Berge,8.037735849056604
286,Berghaus,65.79245283018868
287,Berluti,71.69811320754717
288,Berwich,0.0
289,Berwick 1707,0.0
290,Betsy & Adam,0.05660377358490566
291,Bikini Lovers,0.0
292,Bikkembergs,53.094339622641506
293,Bill Blass,0.07547169811320754
294,Billi Bi,0.0
295,Billionaire,55.43396226415094
296,Billionaire Boys Club,14.056603773584905
297,Bimani,1.0
298,Bimba y Lola,28.867924528301888
299,Birkenstock,57.075471698113205
300,Birkenstock X Kith,0.09433962264150944
301,Bizuu,1.1320754716981132
302,Blancpain,67.56603773584905
303,Blancpain X Swatch,0.0
304,Blauer,59.84905660377358
305,Blonde No.8,0.0
306,Bloomingdales,12.452830188679245
307,Blugirl folies,0.0
308,Blumarine,81.94339622641509
309,Blundstone,42.77358490566038
310,Bobbies,21.28301886792453
311,Boboutic,0.018867924528301886
312,Bode,79.86792452830188
313,Boden,37.81132075471698
314,Boggi,12.339622641509434
315,Boglioli,0.0
316,Bogner,56.37735849056604
317,Bolle,1.0754716981132075
318,Bonpoint,8.867924528301886
319,Bonsai,80.64150943396227
320,Boris Bidjan Saberi,1.0566037735849056
321,Borrelli,10.981132075471699
322,Borsalino,46.320754716981135
323,Boss,75.86792452830188
324,Boss Orange,6.0
325,Bottega Veneta,80.79245283018868
326,Boucheron,2.30188679245283
327,Bouguessa,10.377358490566039
328,Bounty Hunter,23.71698113207547
329,Bowen,49.15094339622642
330,Boy London,40.943396226415096
331,Brahmin,25.71698113207547
332,Brandy Melville,60.094339622641506
333,Brax,36.094339622641506
334,Breguet,1.509433962264151
335,Breitling,77.9245283018868
336,Brema,12.452830188679245
337,Bremont,9.49056603773585
338,Breuer,64.69811320754717
339,Brian Atwood,0.0
340,Brioni,58.15094339622642
341,Brixton,25.452830188679247
342,Bronx and Banco,47.54716981132076
343,Brooks,79.13207547169812
344,Brooks Brothers,69.86792452830188
345,Brooksfield,9.660377358490566
346,Brunello Cucinelli,54.283018867924525
347,Bruno Magli,0.32075471698113206
348,Bruuns Bazaar,74.69811320754717
349,Bugatti,75.39622641509433
350,Bulova,64.81132075471699
351,Burberry,27.69811320754717
352,Buscemi,1.0188679245283019
353,Buttero,10.962264150943396
354,Bvlgari,71.35849056603773
355,By Far,5.264150943396227
356,By Timo,0.0
357,By malina,6.0754716981132075
358,Byblos,44.905660377358494
359,C.B. Made In Italy,0.0
360,C.P. Company,6.7924528301886795
361,CALVIN KLEIN JEANS,1.0
362,CAMAIEU,2.811320754716981
363,CAMOMILLA,45.43396226415094
364,CARACTERE,54.58490566037736
365,CARATSDIRECT2U,0.0
366,CARLO COLUCCI,3.849056603773585
367,CAROLL,50.22641509433962
368,CATERPILLAR,74.9245283018868
369,CC Collection Corneliani,0.0
370,CELIO,55.58490566037736
371,CHANTELLE,1.1132075471698113
372,CHARLES & KEITH,35.490566037735846
373,CIESSE PIUMINI,3.9622641509433962
374,CIVIDINI,8.81132075471698
375,CKS,88.15094339622641
376,CMP,78.60377358490567
377,CNC,84.09433962264151
378,COLUMBIA,86.20754716981132
379,COMPAGNIA ITALIANA,1.0377358490566038
380,CONBIPEL,9.018867924528301
381,CONTE OF FLORENCE.,0.0
382,COP COPINE,3.3207547169811322
383,CORTEFIEL,47.528301886792455
384,COSMO PARIS,4.169811320754717
385,COTAZUR,0.49056603773584906
386,COTÉLAC,0.1509433962264151
387,CRISTINAEFFE,0.0
388,CROCKETT & JONES,0.24528301886792453
389,CROCS,73.54716981132076
390,CUSTOMMADE,0.0
391,Cacharel,51.716981132075475
392,Cactus Plant Flea Market,12.79245283018868
393,CafèNoir,0.0
394,Calliope,76.16981132075472
395,Calvin Klein,59.094339622641506
396,Calvin Klein 205W39NYC,0.41509433962264153
397,Calvin Klein Collection,0.09433962264150944
398,Camicissima,0.6226415094339622
399,Camilla,72.28301886792453
400,Camilla And Marc,5.018867924528302
401,Camilla Elphick,0.0
402,Camper,53.660377358490564
403,Canada Goose,38.56603773584906
404,Canali,75.81132075471699
405,Cantarelli,1.0566037735849056
406,Carel,9.358490566037736
407,Carhartt,41.075471698113205
408,Carhartt WIP,15.415094339622641
409,Carlo Pazolini,0.03773584905660377
410,Carlo Pignatelli,0.0
411,Carol Christian Poell,1.2264150943396226
412,Carolina,75.98113207547169
413,Carolina Herrera,53.056603773584904
414,Carolina K,10.169811320754716
415,Caroline Constas,5.150943396226415
416,Carrera,84.37735849056604
417,Carshoe,0.0
418,Cartier,68.9245283018868
419,Caruso,7.188679245283019
420,Carvela,0.0
421,Carven,0.0
422,Casablanca,12.81132075471698
423,Casadei,25.0188679245283
424,Casio,79.67924528301887
425,Castaner,1.7735849056603774
426,Catherine Malandrino,0.0
427,Cav Empt,0.0
428,Cawley,0.0
429,Cazal,0.3584905660377358
430,Cecilie Bahnsen,31.943396226415093
431,Celine,72.67924528301887
432,Cerruti,3.5849056603773586
433,Certina,4.566037735849057
434,Cesar,61.20754716981132
435,Cesare Attolini,0.9245283018867925
436,Cesare Paciotti,9.924528301886792
437,Chacok,0.0
438,Champion,61.81132075471698
439,Chan Luu,3.4339622641509435
440,Chanel,70.49056603773585
441,Chantal Thomass,1.4339622641509433
442,Chaps,85.90566037735849
443,Charles Jourdan,0.3584905660377358
444,Charles Philip Shanghai,0.0
445,Charlotte Olympia,0.0
446,Charlotte Simone,0.03773584905660377
447,Charo Ruiz,0.0
448,Charvet,11.50943396226415
449,Chaumet,49.905660377358494
450,Chelsea Paris,4.320754716981132
451,Chet Lo,0.0
452,Chevignon,25.90566037735849
453,Chiara Boni,3.2641509433962264
454,Chiara Ferragni,15.056603773584905
455,Chiarini Bologna,0.0
456,Chico's,0.0
457,Chie Mihara,1.0
458,Chimi,1.4339622641509433
459,Chinatown market,55.20754716981132
460,Chitè,0.0
461,Chloé,81.56603773584905
462,Chopard,71.9622641509434
463,Christian Dior,51.735849056603776
464,Christian Lacroix,13.49056603773585
465,Christian Louboutin,73.94339622641509
466,Christopher Esber,0.0
467,Christopher Kane,0.0
468,Christopher Shannon,4.830188679245283
469,Chrome Hearts,75.35849056603773
470,Church's,86.58490566037736
471,Cinq à Sept,0.0
472,Cinti,8.716981132075471
473,Cinzia Araia,1.5471698113207548
474,Circolo 1901,0.0
475,Citizen,77.66037735849056
476,Citizens Of Humanity,1.169811320754717
477,Clarks,77.37735849056604
478,Class Cavalli,73.60377358490567
479,Claude Montana,22.79245283018868
480,Claudie Pierlot,61.283018867924525
481,Clips,86.0754716981132
482,Closed,67.43396226415095
483,Club Monaco,13.339622641509434
484,Coach,78.16981132075472
485,Coccinelle,2.0377358490566038
486,Codello,0.0
487,Cole Buxton,34.41509433962264
488,Cole Haan,55.867924528301884
489,Colette,0.018867924528301886
490,Colmar,63.39622641509434
491,Colombo,81.37735849056604
492,Comma,84.01886792452831
493,Comme Des Garcons,74.86792452830188
494,Comme des fuckdown,0.0
495,Common Projects,9.90566037735849
496,Comptoir Des Cotonniers,1.0754716981132075
497,Converse,70.11320754716981
498,Converse x Golf le fleur,0.7924528301886793
499,Converse x J.W Anderson,0.0
500,Converse x Play Comme Des Garçons,1.679245283018868
501,Coogi,0.0
502,Cool T.M,0.0
503,Copenhagen Studios,1.6603773584905661
504,Coperni,8.132075471698114
505,Cordova,82.9622641509434
506,Corneliani,73.41509433962264
507,Corteiz,17.39622641509434
508,Corum,32.81132075471698
509,Cos,83.9622641509434
510,Costume National,19.62264150943396
511,Country Road,80.45283018867924
512,Courrèges,43.22641509433962
513,Cp Company,53.113207547169814
514,Craig Green,4.377358490566038
515,Crime London,25.339622641509433
516,Crockett& Jones,0.0
517,Cruciani,4.660377358490566
518,Cult,86.67924528301887
519,Cult Gaia,74.0754716981132
520,Cupshe,50.264150943396224
521,Current Elliott,1.9622641509433962
522,Custo Barcelona,0.0
523,Cutler & Gross,5.113207547169812
524,Cuyana,42.0
525,Cycle,81.52830188679245
526,Cynthia Rowley,2.849056603773585
527,Cyrillus,59.15094339622642
528,D&G,82.28301886792453
529,D'ascoli,64.90566037735849
530,D. EXTERIOR,0.0
531,D.A.T.E,10.79245283018868
532,DANIEL HECHTER,25.28301886792453
533,DC SHOES,33.84905660377358
534,DENNY ROSE,1.0
535,DERHY,1.0
536,DESCENTE,74.64150943396227
537,DEVERNOIS,4.679245283018868
538,DEVRED,48.54716981132076
539,DIANA GALLESI,0.0
540,DICKIES,4.30188679245283
541,DIEGA,1.0188679245283019
542,DIXIE,81.9245283018868
543,DOCKERS,55.528301886792455
544,DONALD PLINER,0.0
545,DUNHILL,31.0
546,DUVILLARD,47.56603773584906
547,Dagmar,11.018867924528301
548,Daily paper,1.5660377358490567
549,Dainese,51.490566037735846
550,Daks,75.05660377358491
551,Damir Doma,0.0
552,Dan Post,0.0
553,Daniel Wellington,41.58490566037736
554,Daniele Alessandrini,0.09433962264150944
555,Daniele Fiesoli,0.11320754716981132
556,David Gandy For Autograph,0.018867924528301886
557,David Koma,0.0
558,David Lerner,0.8867924528301887
559,David Naman,2.849056603773585
560,David Yurman,13.0
561,David's Bridal,72.0377358490566
562,Day Birger & Mikkelsen,0.0
563,De Fursac,0.0
564,De La Vali,2.1320754716981134
565,Dear Frances,5.245283018867925
566,Del Mare 1911,0.0
567,Del Toro,19.88679245283019
568,Delvaux,1.169811320754717
569,Denim Tears,56.75471698113208
570,Department 5,26.20754716981132
571,Derek Lam,0.2641509433962264
572,Des Petits Hauts,1.0188679245283019
573,Designers Remix,0.7547169811320755
574,Deus Ex Machina,87.15094339622641
575,Devil\'s Advocate,0.1320754716981132
576,Devotion Twins,0.0
577,Diadora,29.60377358490566
578,Diadora Heritage,5.566037735849057
579,Diane Von Furstenberg,0.1320754716981132
580,Diemme,25.471698113207548
581,Diesel,82.20754716981132
582,Diesel Black Gold,0.05660377358490566
583,Dime,20.22641509433962
584,Dion Lee,0.11320754716981132
585,Dior,65.81132075471699
586,Dior Homme,62.84905660377358
587,Disney x Gucci,0.05660377358490566
588,Dissh,40.77358490566038
589,Dita,7.132075471698113
590,Dive divine,0.5471698113207547
591,Divine Follie,0.0
592,Djerf Avenue,0.0
593,Dkny,60.41509433962264
594,Dodo,60.132075471698116
595,Dodo Bar Or,0.0
596,Dolce & Gabbana,3.4339622641509435
597,Dolce Vita,15.377358490566039
598,Dondup,69.26415094339623
599,Donna Karan,2.4150943396226414
600,Dooney and Bourke,55.905660377358494
601,Doriani,8.0
602,Dorothee Schumacher,2.7735849056603774
603,Doucal's,0.0
604,Dr Martens x Rick Owens,0.0
605,Dr. Martens,54.283018867924525
606,Drake's,26.20754716981132
607,Dress The Population,0.0
608,Dries Van Noten,1.0
609,Drome,43.64150943396226
610,Drumohr,3.69811320754717
611,Drykorn,0.8679245283018868
612,Drôle De Monsieur,0.0
613,Dsquared2,67.11320754716981
614,Duchamp,23.41509433962264
615,Dune,44.20754716981132
616,Duvetica,0.05660377358490566
617,Dôen,0.0
618,E.Marinella,0.0
619,ECCO,2.9056603773584904
620,ECOALF,22.81132075471698
621,ED HARDY,35.35849056603774
622,EDEN PARK,37.679245283018865
623,EDOX,1.7547169811320755
624,EL CORTE INGLES,53.509433962264154
625,EL GANSO,1.0
626,ELISA CAVALETTI,3.056603773584906
627,ELIZA J,12.981132075471699
628,ENA PELLY,0.018867924528301886
629,ENRICO COVERI,6.3584905660377355
630,ERL,0.0
631,ESPRIT,78.37735849056604
632,ETAM,2.0943396226415096
633,EXPRESS,87.24528301886792
634,Each x Other,7.490566037735849
635,Ebel,1.0
636,Eberhard,69.64150943396227
637,Eckhaus Latta,0.0
638,Eddie Bauer,39.56603773584906
639,Eddy Monetti,0.03773584905660377
640,Edward Achour,0.0
641,Edward Green,0.018867924528301886
642,Edwin,15.90566037735849
643,Eileen Fisher,3.4339622641509435
644,El Charro,2.0754716981132075
645,Element,79.58490566037736
646,Elena Iachi,2.358490566037736
647,Elena Miro,0.0
648,Eleven Paris,0.09433962264150944
649,Eleven Six,70.35849056603773
650,Elie Saab,2.490566037735849
651,Elie Tahari,6.69811320754717
652,Elisabetta Franchi,2.150943396226415
653,Elisabetta Panerai,0.0
654,Elizabeth And James,12.867924528301886
655,Elle Macpherson,1.0377358490566038
656,Elleme,16.67924528301887
657,Ellery,22.339622641509433
658,Ellesse,65.84905660377359
659,Emanuel Ungaro,0.0
660,Emilia Wickstead,6.113207547169812
661,Emilio Pucci,0.41509433962264153
662,Emma Hyacinth,0.7735849056603774
663,Emmanuelle Khanh,0.11320754716981132
664,Emme Marella,3.150943396226415
665,Emporio Armani,60.339622641509436
666,Enfants Riches Deprimes,6.09433962264151
667,Engineered Garments,1.0
668,Entire Studios,6.981132075471698
669,Entre Amis,5.0
670,Equipment,70.9245283018868
671,Erdem,59.56603773584906
672,Eres,93.45283018867924
673,Eric Bompard,0.22641509433962265
674,Eric Emanuel,0.37735849056603776
675,Erika Cavallini,0.0
676,Ermanno Scervino,68.22641509433963
677,Ermenegildo Zegna,80.15094339622641
678,Escada,91.15094339622641
679,Essentiel Antwerp,7.39622641509434
680,Eterna,84.79245283018868
681,Etienne Aigner,78.73584905660377
682,Etnia Barcelona,5.415094339622642
683,Eton,87.67924528301887
684,Etro,71.77358490566037
685,Eugenia Kim,0.0
686,Everlane,5.339622641509434
687,Everlast,84.39622641509433
688,Evisu,79.9622641509434
689,Eytys,0.0
690,F**K,80.30188679245283
691,FABI,58.79245283018868
692,FERRARI,86.98113207547169
693,FESTINA,56.77358490566038
694,FIGARET,0.0
695,FIORELLA RUBINO,77.86792452830188
696,FLORSHEIM,6.509433962264151
697,FOOTKORNER,50.43396226415094
698,FORNARINA,13.09433962264151
699,FRACOMINA,0.0
700,FRANCK NAMANI,0.05660377358490566
701,FRANCO BASSI,0.03773584905660377
702,FRANCO SARTO,0.0
703,FREDDY,28.81132075471698
704,FUBU,70.69811320754717
705,FUTUR,78.0377358490566
706,Fabiana Filippi,12.29245283018868
707,Fabienne Chapot,31.339622641509433
708,Faconnable,5.339622641509434
709,Faherty,4.377358490566038
710,Faith Connexion,0.0
711,Faithfull The Brand,0.1320754716981132
712,Falconeri,1.849056603773585
713,Faliero Sarti,0.0
714,Farm Rio,26.339622641509433
715,Fausto Colato,0.0
716,Fausto Puglisi,0.4716981132075472
717,Fax Copy Express,0.0
718,Fay,51.471698113207545
719,Fear of God,17.830188679245282
720,Fedeli,55.264150943396224
721,Fendace,0.39622641509433965
722,Fendi,76.39622641509433
723,Fendissime,0.9433962264150944
724,Fenty x Puma,0.49056603773584906
725,Feyem,0.018867924528301886
726,Fila,73.75471698113208
727,Filippa K,11.264150943396226
728,Filling Pieces,1.0
729,Filson,40.113207547169814
730,Final Home,34.094339622641506
731,Fiorentini+Baker,72.0
732,Fiorucci,0.0
733,Fjallräven,0.0
734,Flattered,84.01886792452831
735,Flavio Castellani,0.8301886792452831
736,Floris Van Bommel,5.113207547169812
737,Folk,77.50943396226415
738,Folli Follie,1.9811320754716981
739,For Love & Lemons,0.0
740,Fornasetti,9.962264150943396
741,Forte_Forte,0.03773584905660377
742,Fortela,0.8490566037735849
743,Fossil,74.0377358490566
744,Frame,81.9622641509434
745,Francesco Russo,0.9811320754716981
746,Francesco Smalto,0.0
747,Franck Muller,0.0
748,Franco Ferrari,0.0
749,Frankie Morello,0.0
750,Franklin & Marshall,0.0
751,Fratelli Borgioli,0.0
752,Fratelli Rossetti,74.45283018867924
753,Fred,79.86792452830188
754,Fred Mello,0.0
755,Fred Perry,67.16981132075472
756,Frederique Constant,8.528301886792454
757,Free Lance,18.41509433962264
758,Free People,72.79245283018868
759,French Connection,19.150943396226417
760,Fresh Soul,4.528301886792453
761,From Future,59.15094339622642
762,Frye,2.69811320754717
763,Ftc Cashmere,0.0
764,Fur deluxe,0.660377358490566
765,Furbysd,0.0
766,Furla,72.32075471698113
767,Fusalp,32.9811320754717
768,Fusioni Moda,0.0
769,FÊTE IMPÉRIALE,0.0
770,G STAR RAW,54.924528301886795
771,G-STAR RAW,0.0
772,G-Shock,66.35849056603773
773,G. H. Bass & Co,0.0
774,G. Label,14.528301886792454
775,GALERIES LAFAYETTE,27.830188679245282
776,GALLO,7.528301886792453
777,GATTINONI,20.943396226415093
778,GAUDI,2.018867924528302
779,GCDS,65.86792452830188
780,GEOX,68.24528301886792
781,GIA X PERNILLE TEISBAEK,0.0
782,GIANCARLO PAOLI,0.0
783,GIANMARCO VENTURI,0.0
784,GIANNI BARBATO,0.0
785,GINIA,2.188679245283019
786,GIORGIO BRATO,2.2452830188679247
787,GLAMOROUS,19.452830188679247
788,GLYCINE,25.264150943396228
789,GOOD AMERICAN,16.452830188679247
790,GRAN SASSO,10.150943396226415
791,GRAVATI,1.320754716981132
792,GRETA BOLDINI,0.0
793,GUESS,73.56603773584905
794,GUTTERIDGE,1.1132075471698113
795,Gabriela Hearst,2.2641509433962264
796,Gaelle Paris,0.0
797,Gai Mattiolo,0.0
798,Gallery Dept,69.11320754716981
799,Galliano,1.5660377358490567
800,Galvan London,0.9245283018867925
801,Ganni,59.924528301886795
802,Gant,59.18867924528302
803,Gas,85.50943396226415
804,Gauge81,0.22641509433962265
805,Gaultier Junior,0.0
806,Gavazzeni,3.4339622641509435
807,Gazzarrini,0.0
808,Genny,0.07547169811320754
809,Gentle Monster,2.2641509433962264
810,Geographical Norway,3.0
811,Georg Jensen,43.056603773584904
812,Georges Rech,13.20754716981132
813,Georgina Goodman,0.0
814,Gerard Darel,2.6037735849056602
815,Gerry Weber,1.6981132075471699
816,Gestuz,70.73584905660377
817,Gherardini,2.6792452830188678
818,Ghost London,3.5849056603773586
819,Ghoud,1.7735849056603774
820,Gia Borghini,0.9811320754716981
821,Gia Couture,0.0
822,Giambattista Valli,50.0377358490566
823,Gianfranco Ferré,0.018867924528301886
824,Gianmarco Lorenzi,0.03773584905660377
825,Gianni Marra,0.0
826,Gianni Versace,31.849056603773583
827,Gianvito Rossi,0.6792452830188679
828,Gieves & Hawkes,0.09433962264150944
829,Gigi Hadid x Tommy Hilfiger,0.0
830,Gimaguas,0.5094339622641509
831,Gina,69.47169811320755
832,Giorgio Armani,6.849056603773585
833,Giorgio Passigatti,0.0
834,Gioseppo,48.0188679245283
835,Girard Perregaux,2.1320754716981134
836,Giulia N Couture,0.0
837,Giuseppe Zanotti,82.58490566037736
838,Givenchy,57.77358490566038
839,Gloverall,0.5471698113207547
840,Gmbh,76.52830188679245
841,Goldbergh,1.9622641509433962
842,Golden Goose,63.39622641509434
843,Goorin Bros,8.962264150943396
844,Gosha Rubchinskiy,4.6415094339622645
845,Goyard,21.41509433962264
846,Grand Seiko,2.6037735849056602
847,Greg Lauren,4.867924528301887
848,Grenson,1.5660377358490567
849,Greta Constantine,8.60377358490566
850,Grifoni,0.5849056603773585
851,Grlfrnd,6.90566037735849
852,Gucci,67.30188679245283
853,Gucci X Adidas,68.13207547169812
854,Gucci X Balenciaga,0.0
855,Gucci x Palace,0.03773584905660377
856,Guidi,1.169811320754717
857,Guy Laroche,0.0
858,Gymshark,33.905660377358494
859,H:ours,0.0
860,HARLEY DAVIDSON,74.26415094339623
861,HARRIS TWEED,10.20754716981132
862,HAVAIANAS,44.0188679245283
863,HELIOT EMIL,0.0
864,HELLO KITTY,50.83018867924528
865,HENRI LLOYD,1.0
866,HEYRAUD,0.0
867,HIGH,70.47169811320755
868,HOKA ONE ONE,1.150943396226415
869,HTC Los Angeles,0.0
870,HUF,18.07547169811321
871,HUNZA G,26.962264150943398
872,Hackett London,4.283018867924528
873,Haffmans & Neumeister,0.018867924528301886
874,Haglofs,15.0
875,Hai,79.11320754716981
876,Haider Ackermann,0.018867924528301886
877,Hale Bob,0.0
878,Hallhuber,17.943396226415093
879,Halston,71.60377358490567
880,Halston Heritage,0.41509433962264153
881,Hamilton,76.73584905660377
882,Han Kjobenhavn,8.018867924528301
883,Hanae Mori,1.830188679245283
884,Hardy Amies,0.5849056603773585
885,Harmont & Blaine,0.0
886,Harris,76.9622641509434
887,Harris Wharf London,0.0
888,Harrods,43.075471698113205
889,Harry Winston,4.735849056603773
890,Harrys of London,0.5094339622641509
891,Hartford,21.67924528301887
892,Haute Hippie,0.0
893,Hayleen,0.0
894,Hed Mayner,1.4339622641509433
895,Heimstone,0.0
896,Helly Hansen,48.58490566037736
897,Helmut Lang,73.15094339622641
898,Henderson Baracco,0.0
899,Henrik Vibskov,1.2830188679245282
900,Henry Cotton,0.0
901,Hereu,0.9811320754716981
902,Hermès,2.9056603773584904
903,Herno,0.0
904,Heron Preston,1.6603773584905661
905,Herve Leger,0.5283018867924528
906,Heschung,1.320754716981132
907,Hilfiger Collection,0.09433962264150944
908,Hill House,2.2452830188679247
909,Hinnominate,1.849056603773585
910,Hispanitas,9.150943396226415
911,Hobbs,74.0377358490566
912,Hobo International,0.0
913,Hogan,4.377358490566038
914,Hogl,1.0
915,Hoka,77.94339622641509
916,Holzweiler,8.660377358490566
917,Honey Birdette,1.0943396226415094
918,Hood by Air,0.20754716981132076
919,Hope,88.09433962264151
920,Hoss Intropia,61.735849056603776
921,House Of Harlow,7.433962264150943
922,House of CB,65.01886792452831
923,House of sunny,3.5283018867924527
924,Hublot,17.566037735849058
925,Hudson,65.83018867924528
926,Hugo Boss,56.22641509433962
927,Human Made,15.60377358490566
928,Humanoid,39.45283018867924
929,Hummel,0.0
930,Hunky Dory,14.20754716981132
931,Hunter,47.43396226415094
932,Husky,1.0188679245283019
933,Hysteric Glamour,0.0
934,Hôtel Particulier,4.735849056603773
935,I BLUES,1.0
936,I.Am.Gia,0.0
937,ICON,83.49056603773585
938,IMPRESSED JEWELRY,0.0
939,INC International Concepts,1.9056603773584906
940,IOANNA KOURBELA,0.0
941,IRREGULAR CHOICE,0.05660377358490566
942,IWC,6.132075471698113
943,IWC SCHAFFHAUSEN,5.867924528301887
944,IZAC,23.71698113207547
945,Iceberg,82.15094339622641
946,Ichi,86.11320754716981
947,Ikks,57.0188679245283
948,Illesteva,0.9622641509433962
949,Ilse Jacobsen,64.71698113207547
950,Impérial,7.7924528301886795
951,InWear,1.0
952,Incotex,45.113207547169814
953,Initial,68.94339622641509
954,Inkkas,4.113207547169812
955,Intrend,51.64150943396226
956,Inuikii,3.9056603773584904
957,Invicta,77.77358490566037
958,Iris & Ink,0.0
959,Iris Von Arnim,0.05660377358490566
960,Iro,85.13207547169812
961,Isabel Marant,69.88679245283019
962,Isabel Marant Etoile,0.0
963,Isaia,33.83018867924528
964,Isaia Napoli,0.0
965,Islo,0.0
966,Issa,61.283018867924525
967,Issey Miyake,35.84905660377358
968,Istante,29.754716981132077
969,Italia Independent,0.6037735849056604
970,Ivy And Oak,1.3584905660377358
971,Ivy Park,79.66037735849056
972,Ixos,2.9622641509433962
973,J Brand,2.0754716981132075
974,J.Crew,32.39622641509434
975,J.Lindeberg,2.3773584905660377
976,J.McLaughlin,0.0
977,JACOB COHEN,81.05660377358491
978,JACQUES MARIE MAGE,0.0
979,JADE SWIM,27.92452830188679
980,JC De Castelbajac,0.3584905660377358
981,JESSICA SIMPSON,4.660377358490566
982,JET SET,8.471698113207546
983,JETS,43.132075471698116
984,JIM THOMPSON,19.67924528301887
985,JM Weston,64.0754716981132
986,JOHNNY WAS,31.11320754716981
987,JONAK,11.830188679245284
988,JOOP!,61.79245283018868
989,JORDAN,80.86792452830188
990,JOVANI,37.698113207547166
991,JULIUS,7.584905660377358
992,JUST DON,17.566037735849058
993,JUST SAY WIZZ,0.0
994,JUUN.J,0.4339622641509434
995,JW Anderson,1.0566037735849056
996,Jack & Jones,4.90566037735849
997,Jack Wills,3.6792452830188678
998,Jack Wolfskin,0.3018867924528302
999,Jacquemus,9.245283018867925
1000,Jacques Fath,3.8679245283018866
1001,Jaded London,3.1132075471698113
1002,Jaeger,25.867924528301888
1003,Jaeger-Lecoultre,16.32075471698113
1004,Jaggad,61.41509433962264
1005,James Perse,3.8867924528301887
1006,Jamie Wei Huang,0.0
1007,Janet & Janet,0.0
1008,Jason Wu,0.018867924528301886
1009,Jean Patou,0.0
1010,Jean Paul Gaultier,51.83018867924528
1011,Jean-Louis Scherrer,0.0
1012,Jeckerson,7.3584905660377355
1013,Jeffrey Campbell,32.24528301886792
1014,Jenni Kayne,12.471698113207546
1015,Jenny Packham,1.0377358490566038
1016,Jeremy Scott,0.0
1017,Jeremy Scott Pour Adidas,0.0
1018,Jerome Dreyfuss,4.60377358490566
1019,Jigsaw,57.528301886792455
1020,Jijil,0.8301886792452831
1021,Jil Sander,82.9245283018868
1022,Jimmy Choo,59.716981132075475
1023,Jitrois,0.0
1024,Joe's,79.16981132075472
1025,Johanna Ortiz,38.84905660377358
1026,John Dalia,0.0
1027,John Elliott,73.11320754716981
1028,John Fluevog,0.0
1029,John Galliano,23.660377358490567
1030,John Hardy,5.056603773584905
1031,John Lobb,1.320754716981132
1032,John Richmond,72.45283018867924
1033,John Smedley,18.58490566037736
1034,John Varvatos,1.7924528301886793
1035,Johnston And Murphy,25.056603773584907
1036,Johnstons Of Elgin,5.415094339622642
1037,Joie,60.0
1038,Jonathan Simkhai,1.6415094339622642
1039,Jones New York,1.3396226415094339
1040,Jos A Bank,34.886792452830186
1041,Joseph,89.16981132075472
1042,Joseph Ribkoff,88.05660377358491
1043,Joshua Sanders,0.32075471698113206
1044,Jott,30.18867924528302
1045,Journee Collection,0.0
1046,Jucca,0.09433962264150944
1047,Judith & Charles,0.09433962264150944
1048,Judith Leiber,18.88679245283019
1049,Juicy Couture,50.18867924528302
1050,Junya Watanabe,3.0377358490566038
1051,Just Cashmere,0.0
1052,Just Cavalli,79.77358490566037
1053,K Jacques,42.075471698113205
1054,K-Way,1.2641509433962264
1055,KANGRA,2.0377358490566038
1056,KAPORAL,14.169811320754716
1057,KAR,75.75471698113208
1058,KICKERS,44.15094339622642
1059,KOLOR,88.39622641509433
1060,KOOKAI,73.54716981132076
1061,Kaleos,0.9811320754716981
1062,Kangol,2.339622641509434
1063,Kansai Yamamoto,0.20754716981132076
1064,Kaos,86.84905660377359
1065,Kapital,80.81132075471699
1066,Kappa,83.39622641509433
1067,Karen Walker,3.0
1068,Karl Kani,49.62264150943396
1069,Karl Lagerfeld,64.0754716981132
1070,Karma Koma,0.0
1071,Kat Maconie,0.0
1072,Kate Spade,51.943396226415096
1073,Katharine Hamnett,0.0
1074,Kazar,0.0
1075,Ken Scott,4.283018867924528
1076,Kendall + Kylie,55.45283018867924
1077,Kennel Und Schmenger,3.6226415094339623
1078,Kenneth Cole,24.32075471698113
1079,Kent and Curwen,0.07547169811320754
1080,Kenzo,75.98113207547169
1081,Khaite,0.9622641509433962
1082,Kiko Kostadinov,0.0
1083,Kina Fernandez,0.0
1084,King Louie,1.0
1085,Kith,34.679245283018865
1086,Kiton,28.37735849056604
1087,Koan,71.43396226415095
1088,Kocca,0.9245283018867925
1089,Koche,11.132075471698114
1090,Komono,11.962264150943396
1091,Kontatto,0.0
1092,Kowtow,12.150943396226415
1093,Kris Van Assche,8.60377358490566
1094,Krizia,2.0
1095,Ksubi,3.9056603773584904
1096,Kuboraum,0.5471698113207547
1097,Kujten,2.6037735849056602
1098,Kurt Geiger,54.509433962264154
1099,Kyme,0.0
1100,L AUTRE CHOSE,0.1320754716981132
1101,L'AUTRE CHOSE,13.924528301886792
1102,L'Agence,1.150943396226415
1103,L.A.M.B,0.0
1104,L.B.M. 1911,0.0
1105,L.G.R,1.5660377358490567
1106,L.L.Bean,10.0
1107,L37,3.5660377358490565
1108,LA BAGAGERIE,0.018867924528301886
1109,LA FEE MARABOUTEE,5.113207547169812
1110,LA FEMME,65.16981132075472
1111,LA MARTINA,59.60377358490566
1112,LAURA ASHLEY,78.69811320754717
1113,LAURA BIAGIOTTI,5.886792452830188
1114,LAZZARI,9.320754716981131
1115,LE COQ SPORTIF,16.69811320754717
1116,LE TEMPS DES CERISES,15.150943396226415
1117,LES COPAINS,6.867924528301887
1118,LES TROPEZIENNES,0.03773584905660377
1119,LF Markey,24.22641509433962
1120,LFDY,1.1132075471698113
1121,LIEBESKIND,4.132075471698113
1122,LIPSY,1.9245283018867925
1123,LITTLE MARCEL,62.735849056603776
1124,LOCMAN ITALY,0.018867924528301886
1125,LORENZ BAÜMER,0.0
1126,LORIBLU,0.22641509433962265
1127,LOTTO,83.79245283018868
1128,LOTTUSSE,1.7358490566037736
1129,LUCKY BRAND,55.56603773584906
1130,LUDOVIC DE SAINT SERNIN,0.07547169811320754
1131,LUISA SPAGNOLI,63.735849056603776
1132,LUMBERJACK,79.18867924528301
1133,La Double J,1.0
1134,La Musa,0.7358490566037735
1135,La Perla,57.943396226415096
1136,Lack Of Colour,0.018867924528301886
1137,Lacoste,68.60377358490567
1138,Lacoste Live,0.0
1139,Lafayette 148 NY,0.018867924528301886
1140,Lala Berlin,4.886792452830188
1141,Lamborghini,68.79245283018868
1142,Lamoda,57.0377358490566
1143,Lana,70.01886792452831
1144,Lancaster,82.28301886792453
1145,Lancel,64.9245283018868
1146,Laneus,0.0
1147,Lanvin,51.56603773584906
1148,Lardini,0.1509433962264151
1149,Larroudé,0.660377358490566
1150,Lasserre,3.9622641509433962
1151,Laundry by Shelli Segal,0.0
1152,Laurel,59.679245283018865
1153,Lauren Ralph Lauren,49.43396226415094
1154,Laurence Bras,3.358490566037736
1155,Laurence Dacade,0.0
1156,Le Cap,50.716981132075475
1157,Le Silla,0.0
1158,Le Specs,23.37735849056604
1159,Le Tanneur,0.0
1160,Leather Crown,0.6981132075471698
1161,Lee,81.43396226415095
1162,Lee Cooper,5.811320754716981
1163,Lela Rose,1.320754716981132
1164,Lemaire,1.1886792452830188
1165,Leon & Harper,0.16981132075471697
1166,Leonard,61.924528301886795
1167,Les Deux,77.71698113207547
1168,Les Hommes,61.35849056603774
1169,Les Petites,61.75471698113208
1170,Les tricots d'O,0.0
1171,Levi's,69.13207547169812
1172,Levi's Made & Crafted,0.0
1173,Levi's Vintage Clothing,0.03773584905660377
1174,Liberty Of London,0.24528301886792453
1175,Lidfort,0.03773584905660377
1176,Lidl,69.39622641509433
1177,Likely,78.39622641509433
1178,Lilly Pulitzer,4.622641509433962
1179,Limitato,0.0
1180,Linda Farrow,1.8679245283018868
1181,Linea Pelle,1.0566037735849056
1182,Links Of London,0.0
1183,Lip,85.35849056603773
1184,Lisa Marie Fernandez,0.1509433962264151
1185,Lisa Yang,11.132075471698114
1186,Liu.Jo,0.0
1187,Liviana Conti,0.0
1188,Lk Bennett,0.0
1189,Loake,2.4716981132075473
1190,Locman,0.9433962264150944
1191,Lodi,84.26415094339623
1192,Loeffler Randall,10.716981132075471
1193,Loewe,80.62264150943396
1194,Lola Cruz,0.0
1195,London fog,19.77358490566038
1196,Longchamp,73.52830188679245
1197,Longines,79.69811320754717
1198,Lonsdale,55.62264150943396
1199,Lorena Antoniazzi,0.0
1200,Loris Azzaro,0.018867924528301886
1201,Loro Piana,61.56603773584906
1202,Louis Feraud,6.283018867924528
1203,Louis Leeman,0.0
1204,Louis Vuitton,64.33962264150944
1205,Louis Vuitton X NBA,0.05660377358490566
1206,Louis Vuitton X Nike,0.9433962264150944
1207,Louis Vuitton x Nigo,0.0
1208,Louis Vuitton x Supreme,1.0188679245283019
1209,Louis Vuitton x Yayoi Kusama,0.0
1210,Loulou studio,0.0
1211,Love Shack Fancy,56.056603773584904
1212,Lover,87.81132075471699
1213,Lovers + Friends,88.41509433962264
1214,Low Brand,12.452830188679245
1215,Lozza,0.24528301886792453
1216,Lu Ren,0.16981132075471697
1217,Lucchese,45.0
1218,Luciano Barachini,0.03773584905660377
1219,Luciano Barbera,0.03773584905660377
1220,Luciano Padovan,0.9245283018867925
1221,Lucien Pellat Finet,0.0
1222,Lucien Piccard,1.0
1223,Ludwig Reiter,18.20754716981132
1224,Luigi Bianchi Mantova,0.018867924528301886
1225,Luisa Cerano,0.0
1226,Lululemon,55.0188679245283
1227,Lulus,75.84905660377359
1228,Lumina,68.32075471698113
1229,Lyle and Scott,57.84905660377358
1230,M Missoni,46.43396226415094
1231,MALLONI,0.0
1232,MAMMUT,66.60377358490567
1233,MANFIELD,53.924528301886795
1234,MANILA GRACE,2.452830188679245
1235,MANOUKIAN,2.2264150943396226
1236,MARC ELLIS,1.0
1237,MARC FISHER,31.641509433962263
1238,MARC O'POLO,21.132075471698112
1239,MARINA RINALDI,1.2452830188679245
1240,MARIO VALENTINO,0.9811320754716981
1241,MARITHÉ & FRANÇOIS GIRBAUD,2.6226415094339623
1242,MARLIES DEKKERS,0.0
1243,MATSUDA,77.86792452830188
1244,MC2 Saint Barth,0.32075471698113206
1245,MCM,81.32075471698113
1246,MCS,6.679245283018868
1247,ME+EM,90.41509433962264
1248,MEPHISTO,13.11320754716981
1249,MET,40.0188679245283
1250,MEXX,1.3962264150943395
1251,MINELLI,43.867924528301884
1252,MISS SIXTY,0.0
1253,MLB,38.77358490566038
1254,MM6,63.24528301886792
1255,MOLLY BRACKEN,0.0
1256,MONOPRIX,18.71698113207547
1257,MONSOON,28.264150943396228
1258,MOORER,39.9811320754717
1259,MORELLATO,8.358490566037736
1260,MORESCHI,2.849056603773585
1261,MORGAN,82.64150943396227
1262,MOTEL,86.71698113207547
1263,MOTIVI,8.981132075471699
1264,MR P.,0.6415094339622641
1265,MSGM,70.66037735849056
1266,MUNICH,58.0
1267,MUSETTE,87.9245283018868
1268,MUSTANG,82.88679245283019
1269,Mabrun,0.0
1270,Mac Douglas,22.754716981132077
1271,Mac Duggal,34.18867924528302
1272,Mach & Mach,0.22641509433962265
1273,Mackage,3.188679245283019
1274,Mackintosh,24.60377358490566
1275,Madewell,43.54716981132076
1276,Mads Nørgaard,3.943396226415094
1277,Maeve,0.0
1278,Magda Butrym,0.32075471698113206
1279,Magnanni,20.90566037735849
1280,Maharishi,2.6792452830188678
1281,Maison 123,10.452830188679245
1282,Maison Kitsune,4.245283018867925
1283,Maison Margiela X Reebok,0.0
1284,Maison Martin Margiela,50.16981132075472
1285,Maison Michel,11.283018867924529
1286,Maison Mihara Yasuhiro,6.90566037735849
1287,Maison Scotch,5.377358490566038
1288,Maje,56.943396226415096
1289,Majestic Filatures,1.6226415094339623
1290,Majorelle,81.28301886792453
1291,Makia,50.528301886792455
1292,Maliparmi,1.0
1293,Malo,80.33962264150944
1294,Malone Souliers,0.0
1295,Manastash,2.018867924528302
1296,Manebi,0.3018867924528302
1297,Mangano,43.81132075471698
1298,Manolo Blahnik,75.52830188679245
1299,Manoush,3.169811320754717
1300,Mansur Gavriel,1.4528301886792452
1301,Mantero Viii,0.018867924528301886
1302,Manu Atelier,1.7169811320754718
1303,Manuel Ritz,0.1509433962264151
1304,Mara Hoffman,0.9811320754716981
1305,Marc Aurel,0.1320754716981132
1306,Marc Cain,20.528301886792452
1307,Marc Jacobs,14.60377358490566
1308,Marc by Marc Jacobs,1.1132075471698113
1309,Marcelo Burlon,3.4150943396226414
1310,Marchesa,48.679245283018865
1311,Marchesa Notte,0.0
1312,Marciano,2.0943396226415096
1313,Marella,80.86792452830188
1314,Margaret Howell,0.0
1315,Maria Bellentani,0.0
1316,Maria de la Orden,1.0
1317,Marimekko,7.3584905660377355
1318,Marina Yachting,10.471698113207546
1319,Marine Serre,74.62264150943396
1320,Mark Mc Nairy,0.0
1321,Markus Lupfer,0.0
1322,Marmot,78.50943396226415
1323,Marni,80.37735849056604
1324,Marques Almeida,0.0
1325,Marsèll,0.0
1326,Martine Rose,0.0
1327,Martyn Line,0.0
1328,Mary Ching,0.0
1329,Mary Katrantzou,1.9245283018867925
1330,Maryam Nassir Zadeh,28.0188679245283
1331,Marysia,1.8679245283018868
1332,Maserati,25.88679245283019
1333,Mason,80.49056603773585
1334,Masscob,0.0
1335,Massimo Alba,1.5471698113207548
1336,Massimo Dutti,53.43396226415094
1337,Mastermind Japan,0.0
1338,Matthew Williamson,1.7735849056603774
1339,Matériel,70.45283018867924
1340,Mauboussin,1.6981132075471699
1341,Maui Jim,31.58490566037736
1342,Maurice Lacroix,22.358490566037737
1343,Mauro Grifoni,0.0
1344,Mauro Volponi,0.0
1345,Max & Co,40.75471698113208
1346,Max & Moi,0.0
1347,Max Mara,66.47169811320755
1348,Max Mara 'S,0.4339622641509434
1349,Max Mara Studio,1.0
1350,Max Mara Weekend,74.28301886792453
1351,McGregor,0.03773584905660377
1352,Mcq,73.86792452830188
1353,Me + Em,89.54716981132076
1354,Melissa,12.981132075471699
1355,Melissa Odabash,1.3584905660377358
1356,Mellow Yellow,0.03773584905660377
1357,Melluso,7.226415094339623
1358,Melvin&Hamilton,0.0
1359,Merci,77.75471698113208
1360,Mes Demoiselles ...,0.0
1361,Meshki,44.81132075471698
1362,Messagerie,80.69811320754717
1363,Mexicana,56.18867924528302
1364,Mezlan,4.660377358490566
1365,Mia Bag,0.0
1366,Miaou,1.0754716981132075
1367,Michael Kors,54.20754716981132
1368,Michaela Frey,6.943396226415095
1369,Michel Herbelin,0.05660377358490566
1370,Michel Vivien,0.18867924528301888
1371,Michele,79.15094339622641
1372,Mido,1.3018867924528301
1373,Mih Jeans,0.0
1374,Mihaela Glavan,0.018867924528301886
1375,Miista,4.622641509433962
1376,Mikimoto,0.0
1377,Mila Schön Concept,0.0
1378,Milestone,57.320754716981135
1379,Milly,36.716981132075475
1380,Minnetonka,85.32075471698113
1381,Minnie Rose,0.0
1382,Mint Velvet,46.16981132075472
1383,Minus,42.528301886792455
1384,Mira Mikati,0.4339622641509434
1385,Misa,55.56603773584906
1386,Misbhv,1.0
1387,Missoni,42.0
1388,Mister K.,0.0
1389,Mitchell & Ness,7.7924528301886795
1390,Miu Miu,80.88679245283019
1391,Mizuno,29.11320754716981
1392,Mjus,1.0
1393,Moa Master Of Arts,0.0
1394,Moma,9.452830188679245
1395,Momoni,1.0
1396,Moncler,50.81132075471698
1397,Moncler Genius,3.0
1398,Moncler x Palm Angels,0.0
1399,Monique Lhuillier,0.0
1400,Montblanc,71.67924528301887
1401,Montecore,0.2830188679245283
1402,Moon Boot,20.92452830188679
1403,Moose Knuckles,40.339622641509436
1404,Mos Mosh,0.0
1405,Moschino,60.679245283018865
1406,Moschino Cheap And Chic,58.15094339622642
1407,Moschino Love,67.30188679245283
1408,Moscot,34.283018867924525
1409,Mother,75.81132075471699
1410,Mou,75.01886792452831
1411,Moussy,23.09433962264151
1412,Movado,1.3396226415094339
1413,Moves,78.9245283018868
1414,Mrz,54.113207547169814
1415,Mugler,44.9811320754717
1416,Mulberry,7.547169811320755
1417,Munthe,4.377358490566038
1418,Murphy&Nye,0.018867924528301886
1419,Museum,75.90566037735849
1420,Musier,0.0
1421,Musto,1.6226415094339623
1422,My Essential Wardrobe,0.05660377358490566
1423,Mykita,1.0188679245283019
1424,Mystique,6.830188679245283
1425,N. Peal,0.0
1426,NAF NAF,14.30188679245283
1427,NANNINI,15.962264150943396
1428,NATURAL DIAMONDS OF NYC,1.4339622641509433
1429,NAVYBOOT,5.415094339622642
1430,NBA,40.471698113207545
1431,NBD,77.20754716981132
1432,NEEDLES,72.35849056603773
1433,NENETTE,1.0943396226415094
1434,NERO GIARDINI,18.0188679245283
1435,NEW ERA,21.90566037735849
1436,NEW ROCK,17.37735849056604
1437,NEXT,69.52830188679245
1438,NICE THINGS,4.2075471698113205
1439,NICOLE MILLER,5.547169811320755
1440,NICOLE SALDAÑA,0.41509433962264153
1441,NIKE X UNDERCOVER,0.20754716981132076
1442,NN07 No Nationality,0.018867924528301886
1443,NOA NOA,16.69811320754717
1444,NOLITA,4.226415094339623
1445,NUDIE JEANS,60.113207547169814
1446,Nadine Merabi,0.0
1447,Naked Wolfe,44.735849056603776
1448,Namacheko,0.8301886792452831
1449,Nanette Lepore,19.11320754716981
1450,Nanni Milano,0.0
1451,Nanushka,0.8490566037735849
1452,Napapijri,3.2641509433962264
1453,NaraCamicie,0.0
1454,Natan,64.13207547169812
1455,Natasha Zinko,0.7735849056603774
1456,Nautica,85.71698113207547
1457,Nazareno Gabrielli,40.301886792452834
1458,Needle & Thread,0.0
1459,Neighborhood,0.11320754716981132
1460,Neil Barrett,69.81132075471699
1461,Neirami,6.433962264150943
1462,Nensi Dojaka,0.0
1463,Neous,0.0
1464,Neri Karra,0.0
1465,New Balance,80.01886792452831
1466,Nfl Team Apparel,8.056603773584905
1467,Nicholas,2.018867924528302
1468,Nicholas K,1.3962264150943395
1469,Nicholas Kirkwood,0.0
1470,Nicole Farhi,0.0
1471,Nihil Lab Sartoriale,0.0
1472,Nike,67.64150943396227
1473,Nike Acg,0.5094339622641509
1474,Nike Air Humara X Jacquemus,0.0
1475,Nike by Riccardo Tisci,0.0
1476,Nike x Acronym,0.0
1477,Nike x Ambush,0.0
1478,Nike x Comme Des Garçons,0.0
1479,Nike x Fear of God,0.9056603773584906
1480,Nike x Off-White,0.0
1481,Nike x Sacaï,0.0
1482,Nike x Stussy,0.33962264150943394
1483,Nike x Supreme,3.1132075471698113
1484,Nike x Travis Scott,2.207547169811321
1485,Nili Lotan,1.471698113207547
1486,Nina Ricci,57.283018867924525
1487,Nine West,20.566037735849058
1488,Nixon,33.15094339622642
1489,Noah,81.45283018867924
1490,Nodaleto,0.0
1491,Nomia,3.7735849056603774
1492,Non Signé / Unsigned,0.0
1493,Nookie,1.0
1494,Nordstrom,64.28301886792453
1495,Norma Kamali,5.716981132075472
1496,Norse Projects,1.2075471698113207
1497,North Sails,4.283018867924528
1498,Notify,63.924528301886795
1499,Number Nine - Takahiro Miyashita,0.0
1500,Nué,2.4716981132075473
1501,N°21,0.32075471698113206
1502,O'Neill,59.339622641509436
1503,OAKLEY,76.98113207547169
1504,ODD MOLLY,0.9811320754716981
1505,OH POLLY,79.84905660377359
1506,ONE STEP,78.16981132075472
1507,OSKA,8.716981132075471
1508,OXBOW,60.58490566037736
1509,Oakwood,14.962264150943396
1510,Oamc,1.3773584905660377
1511,Obey,87.62264150943396
1512,Octobers very own,3.452830188679245
1513,Octobre Editions,3.452830188679245
1514,Off-White,74.66037735849056
1515,Officina 36,0.0
1516,Officine Creative,0.39622641509433965
1517,Officine Generale,0.0
1518,Old Gringo,0.6415094339622641
1519,Oleg Cassini,1.6981132075471699
1520,Oliver Peoples,0.0
1521,Olivia Rubin,0.0
1522,Olivia Von Halle,9.49056603773585
1523,Oltre,66.58490566037736
1524,Omega,82.41509433962264
1525,Omega X Swatch,6.622641509433962
1526,On Running,71.18867924528301
1527,One Hundred Stars,29.056603773584907
1528,One Teaspoon,36.83018867924528
1529,Onitsuka Tiger,20.471698113207548
1530,Opening Ceremony,0.0
1531,Orciani,0.0
1532,Orient,1.8113207547169812
1533,Oris,74.50943396226415
1534,Orlebar Brown,0.0
1535,Oscar De La Renta,24.150943396226417
1536,Oscar Jacobson,9.69811320754717
1537,Oséree,0.0
1538,Otra Vez,80.50943396226415
1539,Ottod'Ame,0.0
1540,Ottolinger,2.4339622641509435
1541,Oui,79.64150943396227
1542,Our Legacy,9.20754716981132
1543,Ovadia And Sons,0.0
1544,Ovye,0.0
1545,P448,0.0
1546,PACIOTTI,11.245283018867925
1547,PAIN DE SUCRE,6.679245283018868
1548,PALLADIUM,83.62264150943396
1549,PAOLO PECORA,0.18867924528301888
1550,PAPER DENIM & CLOTH,0.0
1551,PARAH,2.7735849056603774
1552,PARALLELE,0.0
1553,PARIS TEXAS,2.509433962264151
1554,PAUL&SHARK,57.679245283018865
1555,PENNYBLACK,6.245283018867925
1556,PEPE JEANS,13.132075471698114
1557,PETER KAISER,2.0754716981132075
1558,PHARD,1.1886792452830188
1559,PHASE EIGHT,37.60377358490566
1560,PIAZZA SEMPIONE,73.32075471698113
1561,PIECES,81.33962264150944
1562,PIERO GUIDI,0.0
1563,PIMKIE,0.0
1564,PLEASE,73.22641509433963
1565,POLICE,56.64150943396226
1566,PONS QUINTANA,7.811320754716981
1567,PROMOD,69.90566037735849
1568,PURA LOPEZ,0.0
1569,PURIFICACION GARCIA,6.2075471698113205
1570,Pablo,70.24528301886792
1571,Paco Rabanne,20.0188679245283
1572,Paige,58.9622641509434
1573,Pal Zileri,0.0
1574,Palace,57.54716981132076
1575,Palm Angels,2.641509433962264
1576,Paloma Barcelo,0.0
1577,Paloma Wool,0.11320754716981132
1578,Panerai,1.0
1579,Paoloni,0.018867924528301886
1580,Paraboot,10.150943396226415
1581,Parajumpers,42.54716981132076
1582,Parosh,1.0
1583,Part Two,25.566037735849058
1584,Partow,0.7358490566037735
1585,PatBO,5.886792452830188
1586,Patagonia,63.943396226415096
1587,Patek Philippe,19.962264150943398
1588,Patou,13.471698113207546
1589,Patrizia Pepe,76.98113207547169
1590,Paul & Joe,1.849056603773585
1591,Paul & Joe Sister,0.0
1592,Paul Harnden Shoemakers,0.18867924528301888
1593,Paul Picot,6.30188679245283
1594,Paul Smith,76.13207547169812
1595,Paul Stuart,20.69811320754717
1596,Paul Warmer,4.018867924528302
1597,Paule Ka,0.0
1598,Pauw,9.81132075471698
1599,Peak Performance,57.35849056603774
1600,Pearl by Lela Rose,0.0
1601,Pedro Del Hierro,17.132075471698112
1602,Pedro Garcia,0.0
1603,Pendleton,1.0377358490566038
1604,Penelope Chilvers,0.7735849056603774
1605,People of Shibuya,0.5849056603773585
1606,Pepa Loves,0.0
1607,Perfect Moment,8.660377358490566
1608,Perry Ellis,4.169811320754717
1609,Persol,69.69811320754717
1610,Peruvian Connection,0.0
1611,Peserico,0.0
1612,Peter Hahn,0.0
1613,Peter Millar,56.58490566037736
1614,Peter Pilotto,0.0
1615,Petit Bateau,71.28301886792453
1616,Peuterey,31.30188679245283
1617,Philip Watch,18.71698113207547
1618,Philipp Plein,64.56603773584905
1619,Philippe Model,45.18867924528302
1620,Philosophy Di Alberta Ferretti,0.0
1621,Philosophy Di Lorenzo Serafini,0.0
1622,Piacenza 1733,0.03773584905660377
1623,Piaget,30.07547169811321
1624,Pianurastudio,0.0
1625,Picasso,86.84905660377359
1626,Pierre Balmain,78.79245283018868
1627,Pierre Cardin,69.0377358490566
1628,Pierre Hardy,1.0566037735849056
1629,Pierre Louis Mascia,0.5471698113207547
1630,Pinko,67.84905660377359
1631,Pinotti,0.0
1632,Piombo,76.01886792452831
1633,Piquadro,0.0
1634,Play Comme des Garçons,1.6226415094339623
1635,Playboy,77.73584905660377
1636,Pleasures,56.0
1637,Pleats Please,0.0
1638,Plein Sport,80.54716981132076
1639,Plein Sud,1.0
1640,Polar Skate Co,0.0
1641,Polaroid,44.16981132075472
1642,Pollini,1.0
1643,Polo Ralph Lauren,56.867924528301884
1644,Pomandère,0.0
1645,Pomellato,8.075471698113208
1646,Porsche Design,15.452830188679245
1647,Ports 1961,2.660377358490566
1648,Poupette St Barth,4.09433962264151
1649,Prada,71.24528301886792
1650,Prada X Adidas,0.41509433962264153
1651,Preen by Thornton Bregazzi,0.0
1652,Premiata,1.7924528301886793
1653,Pretty Ballerinas,65.20754716981132
1654,Prima classe,35.75471698113208
1655,Prima donna,2.509433962264151
1656,Princesse Tam Tam,9.943396226415095
1657,Pringle Of Scotland,0.018867924528301886
1658,Proenza Schouler,1.0
1659,Pronovias,81.49056603773585
1660,Prps,3.9622641509433962
1661,Pt01,0.0
1662,Puma,84.16981132075472
1663,Purple brand,10.49056603773585
1664,Pyrenex,8.754716981132075
1665,Pyrex,18.62264150943396
1666,QUECHUA,69.26415094339623
1667,QUICKSILVER,2.1320754716981134
1668,Quay,84.9245283018868
1669,R.M. Williams,0.20754716981132076
1670,R13,23.830188679245282
1671,RADO,34.84905660377358
1672,RAS,78.11320754716981
1673,REDSKINS,12.0
1674,REFRIGIWEAR,4.150943396226415
1675,RELISH,20.81132075471698
1676,RENÉ LEZARD,0.0
1677,RHUDE,30.39622641509434
1678,RIANI,37.22641509433962
1679,RINASCIMENTO,5.962264150943396
1680,RIP CURL,2.1320754716981134
1681,ROBERT GRAHAM,5.679245283018868
1682,ROBERTA DI CAMERINO,0.9811320754716981
1683,ROBERTO BOTTICELLI,0.0
1684,ROBERTO VERINO,5.528301886792453
1685,ROCCOBAROCCO,8.00943396226415
1686,ROMBAUT,0.0
1687,ROXY,80.32075471698113
1688,RRD,12.226415094339623
1689,RUI,6.849056603773585
1690,Rachel Comey,13.50943396226415
1691,Rachel Zoe,2.207547169811321
1692,Raey,65.84905660377359
1693,Raf Simons,76.11320754716981
1694,Rag & Bone,59.58490566037736
1695,Rails,21.641509433962263
1696,Rains,36.132075471698116
1697,Ralph Lauren,53.113207547169814
1698,Ralph Lauren Collection,9.169811320754716
1699,Ralph Lauren Denim & Supply,0.49056603773584906
1700,Ralph Lauren Double Rl,4.471698113207547
1701,Ralph Lauren Purple Label,0.0
1702,Ramy Brook,10.433962264150944
1703,Raparo,6.339622641509434
1704,Raquel Allegra,0.0
1705,Rat & Boa,1.679245283018868
1706,Rave Review,0.0
1707,Ray-Ban,38.943396226415096
1708,Raymond Weil,6.830188679245283
1709,Rayne London,0.0
1710,Re/Done,2.2641509433962264
1711,Rebecca Minkoff,32.9811320754717
1712,Rebecca Taylor,4.09433962264151
1713,Rebecca Vallance,33.924528301886795
1714,Recc Paris,0.0
1715,Red Valentino Garavani,17.71698113207547
1716,Red Wings,45.81132075471698
1717,Reebok,54.943396226415096
1718,Reebok x VETEMENTS,0.0
1719,Reformation,73.13207547169812
1720,Refrigue,0.0
1721,Reiss,75.16981132075472
1722,Rejina Pyo,1.1132075471698113
1723,Religion,76.98113207547169
1724,Remain Birger Christensen,0.0
1725,Rena Lange,0.20754716981132076
1726,Renato Balestra,29.056603773584907
1727,Rene Caovilla,8.867924528301886
1728,Repeat,78.09433962264151
1729,Repetto,1.0
1730,Replay,38.509433962264154
1731,Represent,82.86792452830188
1732,Reptile's House,0.0
1733,Retrofête,0.0
1734,Retrosuperfuture,0.0
1735,Review,55.339622641509436
1736,Rhode,75.64150943396227
1737,Ricano,25.9811320754717
1738,Richard James,2.943396226415094
1739,Rick Owens,5.377358490566038
1740,Rick Owens Drkshdw,8.452830188679245
1741,Rick Owens X Champion,0.03773584905660377
1742,Rifle,61.18867924528302
1743,River Island,61.320754716981135
1744,River Woods,30.79245283018868
1745,Rixo,0.0
1746,Robert Clergerie,0.0
1747,Roberto Capucci,0.0
1748,Roberto Cavalli,63.22641509433962
1749,Roberto Collina,10.11320754716981
1750,Roberto Festa,5.60377358490566
1751,Robinson Les Bains,0.0
1752,Rochas,0.7735849056603774
1753,Rockport,73.79245283018868
1754,Rodebjer,0.0
1755,Rodier,3.452830188679245
1756,Roger Vivier,81.01886792452831
1757,Rohé,0.11320754716981132
1758,Roksanda,3.547169811320755
1759,Roland Mouret,1.849056603773585
1760,Rolex,75.52830188679245
1761,Romeo Gigli,0.32075471698113206
1762,Roncato,46.39622641509434
1763,Ronny Kobo,0.0
1764,Roseanna,5.283018867924528
1765,Rossignol,12.11320754716981
1766,Rotate,89.83018867924528
1767,Rothy's,24.641509433962263
1768,Rouje,6.415094339622642
1769,Roy Roger's,0.0
1770,Rta,58.15094339622642
1771,Rucoline,0.5471698113207547
1772,Ruffo,24.943396226415093
1773,Run Of,5.830188679245283
1774,Rundholz,0.660377358490566
1775,Rupert Sanderson,0.0
1776,Ruslan Baginskiy,30.132075471698112
1777,Russell & Bromley,4.962264150943396
1778,Rykiel Homme,0.03773584905660377
1779,Réalisation,64.62264150943396
1780,S Oliver,70.30188679245283
1781,S.T. Dupont,0.2641509433962264
1782,SALEWA,25.90566037735849
1783,SAMSONITE,69.26415094339623
1784,SAN MARINA,2.056603773584906
1785,SANDRO FERRONE,0.0
1786,SARAH PACINI,1.7169811320754718
1787,SARTORIA ITALIANA,0.9622641509433962
1788,SAVE THE QUEEN,9.018867924528301
1789,SCAPA,18.528301886792452
1790,SEE U SOON,1.3584905660377358
1791,SEIKO,56.320754716981135
1792,SER.O.YA,8.377358490566039
1793,SERAPHIN,10.622641509433961
1794,SERGE BLANCO,1.2264150943396226
1795,SERGIO HUDSON,3.3207547169811322
1796,SFERA,71.30188679245283
1797,SHANGHAI TANG,0.0
1798,SINEQUANONE,5.7924528301886795
1799,SISLEY,46.113207547169814
1800,SKECHERS,81.98113207547169
1801,SLVRLAKE,0.0
1802,SOUVENIR,66.66037735849056
1803,SPRINGFIELD,75.20754716981132
1804,STEFANEL,1.1886792452830188
1805,STEPHANE KELIAN,0.0
1806,STYLEIN,8.679245283018869
1807,SUBDUED,76.33962264150944
1808,SUD EXPRESS,3.452830188679245
1809,SUPERDRY,44.22641509433962
1810,Sacai,48.16981132075472
1811,Saga Furs,0.22641509433962265
1812,Saint James,22.943396226415093
1813,Saint Laurent,69.83018867924528
1814,Saint Michael,7.452830188679245
1815,Saint and Sofia,0.0
1816,Saks Fifth Avenue Collection,0.0
1817,Saks Potts,0.49056603773584906
1818,Salomon,24.056603773584907
1819,Saloni,0.0
1820,Salvador Dali,9.641509433962264
1821,Salvatore Ferragamo,67.64150943396227
1822,Sam Edelman,30.71698113207547
1823,Samsoe & Samsoe,0.3018867924528302
1824,Sand,85.11320754716981
1825,Sandro,62.16981132075472
1826,Santa Brands,0.0
1827,Santoni,11.320754716981131
1828,Sartore,2.4716981132075473
1829,Sass & Bide,0.0
1830,Saucony,72.90566037735849
1831,Save the Duck,15.433962264150944
1832,Scalpers,44.9622641509434
1833,Scanlan & Theodore,0.0
1834,Scarosso,11.849056603773585
1835,Schneiders,16.245283018867923
1836,Schott,69.09433962264151
1837,Schumacher,31.735849056603772
1838,Schutz,50.0377358490566
1839,Scotch & Soda,0.0
1840,Sea New York,28.0
1841,Sebago,26.09433962264151
1842,Sebastian Milano,19.58490566037736
1843,Second Female,6.490566037735849
1844,Sector,69.15094339622641
1845,See by Chloé,49.77358490566038
1846,Selected,77.98113207547169
1847,Self-Portrait,58.9811320754717
1848,Semicouture,0.0
1849,Serafini,21.358490566037737
1850,Sergio Rossi,0.03773584905660377
1851,Sergio Tacchini,4.962264150943396
1852,Sermoneta Gloves,0.39622641509433965
1853,Sessun,1.2264150943396226
1854,Set,85.28301886792453
1855,Seventh,60.056603773584904
1856,Seventy,32.9811320754717
1857,Shiro,10.132075471698114
1858,Shona Joy,61.301886792452834
1859,Show me your mumu,10.226415094339623
1860,Shrimps,55.698113207547166
1861,Silhouette,81.16981132075472
1862,Silvano Lattanzi,0.0
1863,Silvano Sassetti,0.0
1864,Silvian Heach,1.490566037735849
1865,Simon Miller,20.943396226415093
1866,Simone Rocha,1.0
1867,Sir,9.09433962264151
1868,Sir the Label,19.830188679245282
1869,Sister Jane,7.150943396226415
1870,Siviglia,1.5660377358490567
1871,Sjyp,0.0
1872,Skagen,2.169811320754717
1873,Skall Studio,1.0
1874,Skims,38.735849056603776
1875,Slam,2.3962264150943398
1876,Sleeper,46.24528301886792
1877,Slowear,0.0
1878,Smythe,21.39622641509434
1879,Smythson,31.20754716981132
1880,Soani,1.8113207547169812
1881,Soeur,16.69811320754717
1882,Sofie D'Hoore,0.0
1883,Solace London,1.5471698113207548
1884,Solid & Striped,3.1320754716981134
1885,Sonia Rykiel,71.05660377358491
1886,Sonia by Sonia Rykiel,0.0
1887,Sophia Webster,0.0
1888,Sorel,2.0754716981132075
1889,Souliers Martinez,0.6792452830188679
1890,Spanx,0.3584905660377358
1891,Spektre,1.4528301886792452
1892,Spell & The Gypsy Collective,0.0
1893,Sperry,7.509433962264151
1894,Sportalm,1.320754716981132
1895,Sportmax,80.64150943396227
1896,Sporty & Rich,0.6037735849056604
1897,Sprung Frères,0.0
1898,Spyder,88.13207547169812
1899,St Agni,2.1132075471698113
1900,St John,85.98113207547169
1901,Stand studio,0.0
1902,Star Mela,0.1509433962264151
1903,Starter Black Label,0.0
1904,Staud,11.88679245283019
1905,Stefano Ricci,5.132075471698113
1906,Steffen Schraut,2.509433962264151
1907,Stella Forest,0.0
1908,Stella Jean,11.79245283018868
1909,Stella McCartney,78.22641509433963
1910,Stella McCartney Pour Adidas,0.0
1911,Stella Nova,57.62264150943396
1912,Stetson,5.3584905660377355
1913,Steve Madden,63.35849056603774
1914,Stevie May,0.0
1915,Stine Goya,78.79245283018868
1916,Stone Island,68.32075471698113
1917,Storets,3.339622641509434
1918,Strellson,64.26415094339623
1919,Strenesse,8.79245283018868
1920,Stuart Weitzman,1.4528301886792452
1921,Studio AR,14.245283018867925
1922,Studio Nicholson,3.3207547169811322
1923,Stussy,52.339622641509436
1924,Stutterheim,25.169811320754718
1925,Sugarhill Brighton,69.83018867924528
1926,Suicoke,36.22641509433962
1927,Suitsupply,29.0188679245283
1928,Sun 68,0.0
1929,Sunboo,0.1509433962264151
1930,Suncoo,1.3584905660377358
1931,Sunday Best,34.22641509433962
1932,Sunday Somewhere,12.018867924528301
1933,Sundays,71.71698113207547
1934,Sundek,0.0
1935,Sunnei,0.018867924528301886
1936,Sunspel,10.30188679245283
1937,Superdown,2.3773584905660377
1938,Superfine,15.037735849056604
1939,Superga,57.45283018867924
1940,Supreme,65.67924528301887
1941,Supreme x Stone Island,0.0
1942,Supreme x The North Face,0.0
1943,Sutor Mantellassi,0.0
1944,Swarovski,55.77358490566038
1945,Swash,39.75471698113208
1946,Swatch,40.264150943396224
1947,Sweaty Betty,55.79245283018868
1948,Sweet Lemon,5.415094339622642
1949,Sweewe,0.0
1950,Sézane,64.81132075471699
1951,T by Alexander Wang,0.0
1952,TAKESHY KUROSAWA,0.0
1953,TAMARIS,13.09433962264151
1954,TEDDY SMITH,2.30188679245283
1955,THE BRIDGE,74.37735849056604
1956,THE LAST CONSPIRACY,0.1320754716981132
1957,THOMAS PINK,1.6981132075471699
1958,TIGHA,1.0943396226415094
1959,TOGA,11.452830188679245
1960,TOMS,84.39622641509433
1961,TOUS,33.0377358490566
1962,TOY G,1.3018867924528301
1963,TRIPPEN,2.490566037735849
1964,TRIUMPH,80.77358490566037
1965,TW Steel,70.30188679245283
1966,Tabitha Simmons,0.7169811320754716
1967,Tach Clothing,0.0
1968,Tadashi Shoji,4.452830188679245
1969,Tag Heuer,81.28301886792453
1970,Tagliatore,0.0
1971,Takahiromiyashita The Soloist,0.0
1972,Talbots,75.01886792452831
1973,Tamara Mellon,0.0
1974,Tara Jarmon,22.20754716981132
1975,Tassos Mitropoulos,0.0
1976,Tateossian,4.471698113207547
1977,TechnoMarine,74.16981132075472
1978,"Technomarine, Genève",0.0
1979,Ted Baker,53.509433962264154
1980,Ted Lapidus,44.905660377358494
1981,Temperley London,1.0188679245283019
1982,Terranova,84.71698113207547
1983,Teva,65.16981132075472
1984,The Elder Statesman,0.018867924528301886
1985,The Frankie Shop,0.8867924528301887
1986,The Kooples,47.22641509433962
1987,The Mercer N.Y.,0.0
1988,The North Face,50.471698113207545
1989,The North Face x Gucci,0.0
1990,The Pangaia,0.03773584905660377
1991,The Row,75.11320754716981
1992,The Vampire's Wife,0.018867924528301886
1993,The sting,52.0188679245283
1994,Theory,73.43396226415095
1995,Thierry Lasry,0.0
1996,Thierry Mugler,28.92452830188679
1997,Thom Browne,46.64150943396226
1998,Thom Krom,4.9245283018867925
1999,Thomas Sabo,2.2452830188679247
2000,Thomas Wylde,0.07547169811320754
2001,Thrasher Magazine,1.2264150943396226
2002,Tibi,53.320754716981135
2003,Tiffany & Co,65.41509433962264
2004,Tiffany & Co x Nike,0.0
2005,Tiger Of Sweden,6.69811320754717
2006,Timberland,47.37735849056604
2007,Tissot,77.81132075471699
2008,To Boot New York,4.056603773584905
2009,Toast,59.58490566037736
2010,Tod's,72.01886792452831
2011,Toga Pulla,0.018867924528301886
2012,Tom Ford,67.49056603773585
2013,Tombolini,0.03773584905660377
2014,Tommy Bahama,67.15094339622641
2015,Tommy Hilfiger,53.113207547169814
2016,Tommy Jeans,63.132075471698116
2017,Tonello,1.0188679245283019
2018,Tony Lama,2.3773584905660377
2019,Toral,4.037735849056604
2020,Torrid,74.0377358490566
2021,Tory Burch,55.75471698113208
2022,Tosca Blu,2.150943396226415
2023,Totême,28.18867924528302
2024,Tramarossa,0.0
2025,Trapstar,43.54716981132076
2026,Travis Scott,51.075471698113205
2027,Trickers London,0.03773584905660377
2028,Tricot,14.30188679245283
2029,Trina Turk,5.245283018867925
2030,Trotters,2.0
2031,True Religion,65.22641509433963
2032,Truffle Collection,3.7169811320754715
2033,Trussardi,5.30188679245283
2034,Trussardi Jeans,3.0377358490566038
2035,Tsumori Chisato,0.0
2036,Tu Es Mon Trésor,0.018867924528301886
2037,Tucano Urbano,0.0
2038,Tudor,41.509433962264154
2039,Tumi,49.0377358490566
2040,Turnbull & Asser,0.0
2041,Twenty Fall,8.528301886792454
2042,Twinset,85.45283018867924
2043,UN JOUR AILLEURS,0.0
2044,UNITED NUDE,3.2264150943396226
2045,UNÜTZER,0.0
2046,Ugg,28.88679245283019
2047,Ugo Correani,0.018867924528301886
2048,Ulla Johnson,1.4339622641509433
2049,Ulysse Nardin,53.77358490566038
2050,Umbro,79.43396226415095
2051,Un-namable,0.0
2052,Under Armour,67.52830188679245
2053,Undercover,42.735849056603776
2054,Understated Leather,6.245283018867925
2055,Ungaro Parallele,0.0
2056,Unisa,41.9811320754717
2057,Universal Geneve,0.0
2058,Universal Works,0.0
2059,Unravel Project,0.39622641509433965
2060,Uterque,1.0188679245283019
2061,VAN LAACK,14.584905660377359
2062,VIA DELLE PERLE,0.0
2063,VIBRAM,0.07547169811320754
2064,VICTORIA,59.132075471698116
2065,VICTORIA'S SECRET,15.264150943396226
2066,VILA,86.0
2067,VOLCOM,12.132075471698114
2068,VON DUTCH,6.943396226415095
2069,Vacher,9.90566037735849
2070,Vacheron Constantin,67.60377358490567
2071,Vagabond,76.62264150943396
2072,Valentino Garavani,32.698113207547166
2073,Valentino by mario valentino,7.830188679245283
2074,Valextra,10.849056603773585
2075,Valleverde,19.37735849056604
2076,Van Cleef & Arpels,9.415094339622641
2077,Vanessa Bruno,8.622641509433961
2078,Vanessa Bruno Athe,0.03773584905660377
2079,Vanities,0.0
2080,Vannina Vesperini,0.03773584905660377
2081,Vans,77.9245283018868
2082,Vassia Kostara,10.830188679245284
2083,Veja,7.9245283018867925
2084,Velasca,18.37735849056604
2085,Ventcouvert,0.0
2086,Vera Wang,34.509433962264154
2087,Veronica Beard,9.30188679245283
2088,Versace,54.16981132075472
2089,Versace Collection,61.20754716981132
2090,Versace Jeans Couture,70.90566037735849
2091,Versus,75.45283018867924
2092,Vetements,77.60377358490567
2093,Via Roma xv,0.0
2094,Vic Matié,0.0
2095,Vicolo,86.47169811320755
2096,Vicomte A.,0.0
2097,Victoria Beckham,4.679245283018868
2098,"Victoria, Victoria Beckham",0.0
2099,Victorinox,9.584905660377359
2100,Viki-And,0.0
2101,Viktor & Rolf,0.11320754716981132
2102,Vilebrequin,2.7169811320754715
2103,Vince,63.0188679245283
2104,Vince  Camuto,50.075471698113205
2105,Vineyard Vines,4.490566037735849
2106,Vionnet,5.9245283018867925
2107,Viron,10.622641509433961
2108,Visvim,82.36792452830188
2109,Vivetta,0.03773584905660377
2110,Vivienne Tam,1.0188679245283019
2111,Vivienne Westwood,59.15094339622642
2112,Vivienne Westwood Anglomania,0.0
2113,Vivienne Westwood Red Label,0.0
2114,Vogue,12.679245283018869
2115,Voile Blanche,7.0
2116,Vuarnet,6.849056603773585
2117,WATERCULT,1.0566037735849056
2118,WE11DONE,0.4716981132075472
2119,WEILL,56.56603773584906
2120,WEWOREWHAT,0.0
2121,WHAT FOR,83.88679245283019
2122,WRANGLER .,0.0
2123,WTAPS,0.9622641509433962
2124,Wales Bonner,50.39622641509434
2125,Walter Baker,12.660377358490566
2126,Walter Steiger,0.16981132075471697
2127,Walter Van Beirendonck,0.0
2128,Wandler,83.28301886792453
2129,Wardrobe NYC,0.0
2130,Wellensteyn,0.3584905660377358
2131,Welovefurs,0.0
2132,Whistles,4.943396226415095
2133,White House Black Market,80.43396226415095
2134,White House | Black Market,80.33962264150944
2135,White Mountaineering,0.0
2136,Wilfred,63.43396226415094
2137,William Lockie,1.7169811320754718
2138,Windsor,73.0
2139,Windsor Smith,0.11320754716981132
2140,With Jéan,0.05660377358490566
2141,Wolford,9.566037735849056
2142,Won Hundred,6.245283018867925
2143,Wood Wood,84.16981132075472
2144,Woolrich,2.018867924528302
2145,Wooyoungmi,7.584905660377358
2146,Wrangler,81.69811320754717
2147,Xacus,0.03773584905660377
2148,Xagon man,0.0
2149,Y's,3.0377358490566038
2150,Y-3,15.264150943396226
2151,Y-3 by Yohji Yamamoto,0.0
2152,Y/Project,2.0754716981132075
2153,YUME YUME,15.566037735849056
2154,Yeezy,20.754716981132077
2155,Yeezy x Adidas,60.339622641509436
2156,Ymc,1.490566037735849
2157,Yoana Baraschi,1.830188679245283
2158,Yohji Yamamoto,55.735849056603776
2159,Yoshie Inaba,0.0
2160,Yumi Kim,1.0754716981132075
2161,Yuri Ahn,0.03773584905660377
2162,Yves Saint Laurent,60.056603773584904
2163,Yves Salomon,0.0
2164,Z Zegna,1.679245283018868
2165,ZENOBI,1.9433962264150944
2166,ZIGN,1.169811320754717
2167,ZU ELEMENTS,12.245283018867925
2168,Zac Posen,2.6792452830188678
2169,Zadig & Voltaire,69.69811320754717
2170,Zanone,8.69811320754717
2171,Zapa,10.88679245283019
2172,Zegna,81.79245283018868
2173,Zenith,6.528301886792453
2174,Zilli,5.716981132075472
2175,Zimmermann,88.18867924528301
2176,Zinas,12.226415094339623
2177,Zucca,26.49056603773585
2178,Zuiki,44.39622641509434
2179,agua by agua bendita,1.6981132075471699
2180,by Malene Birger,17.566037735849058
2181,by Walid,3.9056603773584904
2182,byredo,70.64150943396227
2183,club voltaire,0.0
2184,eleventy,1.0
2185,gaga milano,0.07547169811320754
2186,ih nom uh nit,0.8490566037735849
2187,khrisjoy,1.509433962264151
2188,mcleonard,0.0
2189,nobis,70.26415094339623
2190,octopus,28.0
2191,takeo kikuchi,4.018867924528302
2192,valstar,0.0
2193,yamamay,0.0
2194,Études Studio,0.0
